Test Case,File Name,Temperature,Expected Output,Actual Output,Result
1,common_voice_en_41383256.mp3,0.0,,,PASSED
1,common_voice_en_41383256.mp3,0.25,,,PASSED
1,common_voice_en_41383256.mp3,0.4,,,PASSED
1,common_voice_en_41383256.mp3,0.5,,,PASSED
1,common_voice_en_41383256.mp3,0.6,,,PASSED
1,common_voice_en_41383256.mp3,0.75,,,PASSED
1,common_voice_en_41383256.mp3,1.0,,,PASSED
2,common_voice_en_41823983.mp3,0.0,"For purposes of this definition, the intent may be conditional.","For the purposes of this definition, the intent may be conditional.",FAILED
2,common_voice_en_41823983.mp3,0.25,"For purposes of this definition, the intent may be conditional.","For the purposes of this definition, the intent may be conditional.",FAILED
2,common_voice_en_41823983.mp3,0.4,"For purposes of this definition, the intent may be conditional.","For the purposes of this definition, the intent may be conditional.",FAILED
2,common_voice_en_41823983.mp3,0.5,"For purposes of this definition, the intent may be conditional.","For the purposes of this definition, the intent may be conditional.",FAILED
2,common_voice_en_41823983.mp3,0.6,"For purposes of this definition, the intent may be conditional.","For the purposes of this definition, the intent may be conditional.",FAILED
2,common_voice_en_41823983.mp3,0.75,"For purposes of this definition, the intent may be conditional.","For the purposes of this definition, the intent may be conditional.",FAILED
2,common_voice_en_41823983.mp3,1.0,"For purposes of this definition, the intent may be conditional.","For the purposes of this definition, the intent may be conditional.",FAILED
3,common_voice_en_41881685.mp3,0.0,"Bennett was educated at Lawnswood High School, Leeds, and Hertford College, Oxford.","Bennett was educated at Lawnswood High School, Leeds and Hertford College, Oxford.",FAILED
3,common_voice_en_41881685.mp3,0.25,"Bennett was educated at Lawnswood High School, Leeds, and Hertford College, Oxford.","Bennett was educated at Lawnswood High School, Leeds and Hertford College, Oxford.",FAILED
3,common_voice_en_41881685.mp3,0.4,"Bennett was educated at Lawnswood High School, Leeds, and Hertford College, Oxford.","Bennett was educated at Lawnswood High School, Leeds and Hertford College, Oxford.",FAILED
3,common_voice_en_41881685.mp3,0.5,,,PASSED
3,common_voice_en_41881685.mp3,0.6,,,PASSED
3,common_voice_en_41881685.mp3,0.75,"Bennett was educated at Lawnswood High School, Leeds, and Hertford College, Oxford.","Bennet was educated at Lonswood High School, Leeds, and Hertford College, Oxford.",FAILED
3,common_voice_en_41881685.mp3,1.0,"Bennett was educated at Lawnswood High School, Leeds, and Hertford College, Oxford.","Bennet was educated at Lawnes Wood High School, Leeds and Hartford College, Oxford.",FAILED
4,common_voice_en_41799514.mp3,0.0,These rules became known as Admiral-Lord Mountevans rules.,"These lulz became the wharfs at Mirrorwood, Mt. Tibbins, Lulz",FAILED
4,common_voice_en_41799514.mp3,0.25,These rules became known as Admiral-Lord Mountevans rules.,These Lures became the horse of Mirror Lord Mountbin's Lures.,FAILED
4,common_voice_en_41799514.mp3,0.4,These rules became known as Admiral-Lord Mountevans rules.,"These lulz became the horse, Admiral Lord Mountebins lulz.",FAILED
4,common_voice_en_41799514.mp3,0.5,These rules became known as Admiral-Lord Mountevans rules.,These Lurks became the horse of Mirror Lord Mountbin's Lurks.,FAILED
4,common_voice_en_41799514.mp3,0.6,These rules became known as Admiral-Lord Mountevans rules.,These Lurks became the horse of Mirror Lord Mountibin's Lurks.,FAILED
4,common_voice_en_41799514.mp3,0.75,These rules became known as Admiral-Lord Mountevans rules.,These Lurghs became no horse. Admiral Lord Mount Tibin's Lurghs.,FAILED
4,common_voice_en_41799514.mp3,1.0,These rules became known as Admiral-Lord Mountevans rules.,These lords became the horrors at Mirrorworld Mount Tibin's laws.,FAILED
5,common_voice_en_41552032.mp3,0.0,,,PASSED
5,common_voice_en_41552032.mp3,0.25,,,PASSED
5,common_voice_en_41552032.mp3,0.4,,,PASSED
5,common_voice_en_41552032.mp3,0.5,,,PASSED
5,common_voice_en_41552032.mp3,0.6,,,PASSED
5,common_voice_en_41552032.mp3,0.75,,,PASSED
5,common_voice_en_41552032.mp3,1.0,,,PASSED
6,common_voice_en_41827319.mp3,0.0,"The track ""Coca Leaf"" is made up of vocal samples of singing women.",The track Coca Leaf is made up of vocal samples of singing women.,FAILED
6,common_voice_en_41827319.mp3,0.25,"The track ""Coca Leaf"" is made up of vocal samples of singing women.",The track Coca Leaf is made up of vocal samples of singing women.,FAILED
6,common_voice_en_41827319.mp3,0.4,"The track ""Coca Leaf"" is made up of vocal samples of singing women.",The track Coca Leaf is made up of vocal samples of singing women.,FAILED
6,common_voice_en_41827319.mp3,0.5,"The track ""Coca Leaf"" is made up of vocal samples of singing women.",The track Coca Leaf is made up of vocal samples of singing women.,FAILED
6,common_voice_en_41827319.mp3,0.6,"The track ""Coca Leaf"" is made up of vocal samples of singing women.",The track Coca Leaf is made up of vocal samples of singing women.,FAILED
6,common_voice_en_41827319.mp3,0.75,"The track ""Coca Leaf"" is made up of vocal samples of singing women.",The track Koka Leaf is made up of vocal samples of singing women.,FAILED
6,common_voice_en_41827319.mp3,1.0,"The track ""Coca Leaf"" is made up of vocal samples of singing women.",The track Cocaleaf is made up of vocal samples of singing women.,FAILED
7,common_voice_en_41526838.mp3,0.0,,,PASSED
7,common_voice_en_41526838.mp3,0.25,,,PASSED
7,common_voice_en_41526838.mp3,0.4,,,PASSED
7,common_voice_en_41526838.mp3,0.5,,,PASSED
7,common_voice_en_41526838.mp3,0.6,,,PASSED
7,common_voice_en_41526838.mp3,0.75,,,PASSED
7,common_voice_en_41526838.mp3,1.0,,,PASSED
8,common_voice_en_41435787.mp3,0.0,"Most ""Naruto"" video games have been released only in Japan.",Most Naruto video games have been released only in Japan.,FAILED
8,common_voice_en_41435787.mp3,0.25,"Most ""Naruto"" video games have been released only in Japan.",Most Naruto video games have been released only in Japan.,FAILED
8,common_voice_en_41435787.mp3,0.4,"Most ""Naruto"" video games have been released only in Japan.",Most Naruto video games have been released only in Japan.,FAILED
8,common_voice_en_41435787.mp3,0.5,"Most ""Naruto"" video games have been released only in Japan.",Most Naruto video games have been released only in Japan.,FAILED
8,common_voice_en_41435787.mp3,0.6,"Most ""Naruto"" video games have been released only in Japan.",Most Naruto video games have been released only in Japan.,FAILED
8,common_voice_en_41435787.mp3,0.75,"Most ""Naruto"" video games have been released only in Japan.",Most Naruto video games have been released only in Japan.,FAILED
8,common_voice_en_41435787.mp3,1.0,"Most ""Naruto"" video games have been released only in Japan.",Most Naruto video games have been released only in Japan.,FAILED
9,common_voice_en_41633128.mp3,0.0,,,PASSED
9,common_voice_en_41633128.mp3,0.25,,,PASSED
9,common_voice_en_41633128.mp3,0.4,,,PASSED
9,common_voice_en_41633128.mp3,0.5,,,PASSED
9,common_voice_en_41633128.mp3,0.6,,,PASSED
9,common_voice_en_41633128.mp3,0.75,,,PASSED
9,common_voice_en_41633128.mp3,1.0,,,PASSED
10,common_voice_en_41586424.mp3,0.0,"At South Side, Greer was an all state selection in both football and track.","At Southside, Greer was an all-state selection in both football and track.",FAILED
10,common_voice_en_41586424.mp3,0.25,"At South Side, Greer was an all state selection in both football and track.","At Southside, Greer was an all-state selection in both football and track.",FAILED
10,common_voice_en_41586424.mp3,0.4,"At South Side, Greer was an all state selection in both football and track.","At Southside, Greer was an all-state selection in both football and track.",FAILED
10,common_voice_en_41586424.mp3,0.5,"At South Side, Greer was an all state selection in both football and track.","At Southside, Greer was an all-state selection in both football and track.",FAILED
10,common_voice_en_41586424.mp3,0.6,"At South Side, Greer was an all state selection in both football and track.","At Southside, Greer was an all-state selection in both football and track.",FAILED
10,common_voice_en_41586424.mp3,0.75,"At South Side, Greer was an all state selection in both football and track.","At Southside, Greer was an all-state selection in both football and track.",FAILED
10,common_voice_en_41586424.mp3,1.0,"At South Side, Greer was an all state selection in both football and track.","At Southside, Greer was an all-state selection in both football and track.",FAILED
11,common_voice_en_41489529.mp3,0.0,,,PASSED
11,common_voice_en_41489529.mp3,0.25,,,PASSED
11,common_voice_en_41489529.mp3,0.4,,,PASSED
11,common_voice_en_41489529.mp3,0.5,,,PASSED
11,common_voice_en_41489529.mp3,0.6,,,PASSED
11,common_voice_en_41489529.mp3,0.75,,,PASSED
11,common_voice_en_41489529.mp3,1.0,,,PASSED
12,common_voice_en_41469700.mp3,0.0,,,PASSED
12,common_voice_en_41469700.mp3,0.25,,,PASSED
12,common_voice_en_41469700.mp3,0.4,,,PASSED
12,common_voice_en_41469700.mp3,0.5,,,PASSED
12,common_voice_en_41469700.mp3,0.6,The combined company was later renamed Kimball International.,The combined company was later renamed Kimbell International.,FAILED
12,common_voice_en_41469700.mp3,0.75,The combined company was later renamed Kimball International.,The combined company was later renamed Kimbell International.,FAILED
12,common_voice_en_41469700.mp3,1.0,The combined company was later renamed Kimball International.,The combined company was later renamed Kimble International.,FAILED
13,common_voice_en_41517336.mp3,0.0,,,PASSED
13,common_voice_en_41517336.mp3,0.25,,,PASSED
13,common_voice_en_41517336.mp3,0.4,,,PASSED
13,common_voice_en_41517336.mp3,0.5,,,PASSED
13,common_voice_en_41517336.mp3,0.6,,,PASSED
13,common_voice_en_41517336.mp3,0.75,,,PASSED
13,common_voice_en_41517336.mp3,1.0,,,PASSED
14,common_voice_en_41423014.mp3,0.0,,,PASSED
14,common_voice_en_41423014.mp3,0.25,,,PASSED
14,common_voice_en_41423014.mp3,0.4,,,PASSED
14,common_voice_en_41423014.mp3,0.5,,,PASSED
14,common_voice_en_41423014.mp3,0.6,,,PASSED
14,common_voice_en_41423014.mp3,0.75,,,PASSED
14,common_voice_en_41423014.mp3,1.0,,,PASSED
15,common_voice_en_41518962.mp3,0.0,,,PASSED
15,common_voice_en_41518962.mp3,0.25,,,PASSED
15,common_voice_en_41518962.mp3,0.4,,,PASSED
15,common_voice_en_41518962.mp3,0.5,,,PASSED
15,common_voice_en_41518962.mp3,0.6,,,PASSED
15,common_voice_en_41518962.mp3,0.75,,,PASSED
15,common_voice_en_41518962.mp3,1.0,,,PASSED
16,common_voice_en_41592181.mp3,0.0,,,PASSED
16,common_voice_en_41592181.mp3,0.25,,,PASSED
16,common_voice_en_41592181.mp3,0.4,,,PASSED
16,common_voice_en_41592181.mp3,0.5,,,PASSED
16,common_voice_en_41592181.mp3,0.6,,,PASSED
16,common_voice_en_41592181.mp3,0.75,,,PASSED
16,common_voice_en_41592181.mp3,1.0,,,PASSED
17,common_voice_en_41532689.mp3,0.0,,,PASSED
17,common_voice_en_41532689.mp3,0.25,,,PASSED
17,common_voice_en_41532689.mp3,0.4,,,PASSED
17,common_voice_en_41532689.mp3,0.5,,,PASSED
17,common_voice_en_41532689.mp3,0.6,,,PASSED
17,common_voice_en_41532689.mp3,0.75,,,PASSED
17,common_voice_en_41532689.mp3,1.0,,,PASSED
18,common_voice_en_41503591.mp3,0.0,After this the town was rebuilt and simply referred to as 'Wells'.,"After this, the town was rebuilt and simply referred to as Wells.",FAILED
18,common_voice_en_41503591.mp3,0.25,After this the town was rebuilt and simply referred to as 'Wells'.,"After this, the town was rebuilt and simply referred to as Wells.",FAILED
18,common_voice_en_41503591.mp3,0.4,After this the town was rebuilt and simply referred to as 'Wells'.,"After this, the town was rebuilt and simply referred to as Wells.",FAILED
18,common_voice_en_41503591.mp3,0.5,After this the town was rebuilt and simply referred to as 'Wells'.,"After this, the town was rebuilt and simply referred to as Wells.",FAILED
18,common_voice_en_41503591.mp3,0.6,After this the town was rebuilt and simply referred to as 'Wells'.,"After this, the town was rebuilt and simply referred to as Wells.",FAILED
18,common_voice_en_41503591.mp3,0.75,After this the town was rebuilt and simply referred to as 'Wells'.,"After this, the town was rebuilt and simply referred to as Wells.",FAILED
18,common_voice_en_41503591.mp3,1.0,After this the town was rebuilt and simply referred to as 'Wells'.,"After this, the town was rebuilt and simply referred to as Wells.",FAILED
19,common_voice_en_41816931.mp3,0.0,,,PASSED
19,common_voice_en_41816931.mp3,0.25,,,PASSED
19,common_voice_en_41816931.mp3,0.4,,,PASSED
19,common_voice_en_41816931.mp3,0.5,,,PASSED
19,common_voice_en_41816931.mp3,0.6,,,PASSED
19,common_voice_en_41816931.mp3,0.75,,,PASSED
19,common_voice_en_41816931.mp3,1.0,,,PASSED
20,common_voice_en_41267069.mp3,0.0,"In Korea, carnations express admiration, love and gratitude.","Kwa Korea, kwa kwa kwa kwa kwa kwa kwa kwa kwa kwa kwa kwa kwa kwa kwa kwa kwa kwa kwa kwa kwa kwa kwa kwa",FAILED
20,common_voice_en_41267069.mp3,0.25,"In Korea, carnations express admiration, love and gratitude.","Kwa Korea, Kwanatia kwa kwa kwa kwa kwa kwa kwa kwa kwa kwa kwa kwa kwa kwa kwa kwa kwa kwa kwa kwa kwa kwa kwa kwa kwa kwa kwa kwa kwa kwa kwa kwa kwa kwa kwa kwa kwa kwa kwa kwa kwa kwa kwa kwa kwa kwa kwa kwa kwa kwa kwa kwa kwa kwa kwa kwa kwa kwa kwa kwa kwa kwa kwa kwa kwa kwa kwa kwa kwa kwa kwa kwa kwa kwa kwa kwa kwa kwa kwa kwa kwa kwa kwa kwa kwa kwa kwa kwa kwa kwa kwa kwa kwa kwa kwa kwa kwa kwa kwa kwa kwa kwa kwa kwa kwa kwa kwa k",FAILED
20,common_voice_en_41267069.mp3,0.4,"In Korea, carnations express admiration, love and gratitude.","Kwa Korea, kwa kwa kwae na kwa kwa kwa kwa kwa kwa kwa kwa kwa kwa kwa kwa kwa kwa kwa kwa kwa kwa kwa kwa kwa kwa kwa kwa kwa kwa kwa kwa kwa kwa kwa kwa kwa kwa kwa kwa kwa kwa kwa kwa kwa kwa kwa kwa kwa kwa kwa kwa kwa kwa kwa kwa kwa kwa kwa kwa kwa kwa kwa kwa kwa kwa kwa kwa kwa kwa kwa kwa kwa kwa kwa kwa kwa kwa kwa kwa kwa kwa kwa kwa kwa kwa kwa kwa kwa kwa kwa kwa kwa kwa kwa kwa kwa kwa kwa kwa kwa kwa kwa kwa kwa kwa kwa kwa kwa",FAILED
20,common_voice_en_41267069.mp3,0.5,"In Korea, carnations express admiration, love and gratitude.","Kata Korea, kwa mtotoa, kwa kwa mtotoa, kata Korea, kwa kwa kwa kwa mtotoa, kata Korea, kwa kwa kwa kwa kwa kwa kwa kwa kwa kwa kwa kwa kwa kwa kwa kwa kwa kwa kwa kwa kwa kwa kwa kwa kwa kwa kwa kwa kwa kwa kwa kwa kwa kwa kwa kwa kwa kwa kwa kwa kwa kwa kwa kwa kwa kwa kwa kwa kwa kwa kwa kwa kwa kwa kwa kwa kwa kwa kwa kwa kwa kwa kwa kwa kwa kwa kwa kwa kwa kwa kwa kwa kwa kwa kwa kwa kwa kwa kwa kwa kwa kwa kwa kwa kwa kwa kwa kwa kwa kwa kwa",FAILED
20,common_voice_en_41267069.mp3,0.6,"In Korea, carnations express admiration, love and gratitude.","Kwa korea, kushanati yata kutulunga, amirasi, nchani, na kushanati.",FAILED
20,common_voice_en_41267069.mp3,0.75,"In Korea, carnations express admiration, love and gratitude.","Kwa Korea, kwa watum Sino ongeo nyingi, naiuni na mbaaya",FAILED
20,common_voice_en_41267069.mp3,1.0,"In Korea, carnations express admiration, love and gratitude.",Nili inaeoma magicina Korea.,FAILED
21,common_voice_en_41659267.mp3,0.0,Naval Academy in Annapolis.,Navaal Academy in Annapolis.,FAILED
21,common_voice_en_41659267.mp3,0.25,,,PASSED
21,common_voice_en_41659267.mp3,0.4,,,PASSED
21,common_voice_en_41659267.mp3,0.5,,,PASSED
21,common_voice_en_41659267.mp3,0.6,,,PASSED
21,common_voice_en_41659267.mp3,0.75,,,PASSED
21,common_voice_en_41659267.mp3,1.0,Naval Academy in Annapolis.,Navala Academy in Annapolis.,FAILED
22,common_voice_en_41629760.mp3,0.0,"It also likes flower nectar, fruit and some seeds.","It also likes flower, nectar, fruit and some seeds.",FAILED
22,common_voice_en_41629760.mp3,0.25,"It also likes flower nectar, fruit and some seeds.","It also likes flower, nectar, fruit and some seeds.",FAILED
22,common_voice_en_41629760.mp3,0.4,"It also likes flower nectar, fruit and some seeds.","It also likes flower, nectar, fruit and some seeds.",FAILED
22,common_voice_en_41629760.mp3,0.5,,,PASSED
22,common_voice_en_41629760.mp3,0.6,"It also likes flower nectar, fruit and some seeds.","It also likes flower, nectar, fruit and some seeds.",FAILED
22,common_voice_en_41629760.mp3,0.75,"It also likes flower nectar, fruit and some seeds.","It also likes flower, nectar, fruit and some seeds.",FAILED
22,common_voice_en_41629760.mp3,1.0,,,PASSED
23,common_voice_en_41674821.mp3,0.0,"After graduation he served with the royal Prussian geological institute, making photographic surveys.","After graduation, he served with the Royal Prussian Geological Institute, making photographic surveys.",FAILED
23,common_voice_en_41674821.mp3,0.25,"After graduation he served with the royal Prussian geological institute, making photographic surveys.","After graduation, he served with the Royal Prussian Geological Institute, making photographic surveys.",FAILED
23,common_voice_en_41674821.mp3,0.4,"After graduation he served with the royal Prussian geological institute, making photographic surveys.","After graduation, he served with the Royal Prussian Geological Institute, making photographic surveys.",FAILED
23,common_voice_en_41674821.mp3,0.5,,,PASSED
23,common_voice_en_41674821.mp3,0.6,"After graduation he served with the royal Prussian geological institute, making photographic surveys.",After graduation he served with the Royal Prussian Geological Institute making photographic surveys.,FAILED
23,common_voice_en_41674821.mp3,0.75,,,PASSED
23,common_voice_en_41674821.mp3,1.0,,,PASSED
24,common_voice_en_41577054.mp3,0.0,,,PASSED
24,common_voice_en_41577054.mp3,0.25,,,PASSED
24,common_voice_en_41577054.mp3,0.4,,,PASSED
24,common_voice_en_41577054.mp3,0.5,,,PASSED
24,common_voice_en_41577054.mp3,0.6,,,PASSED
24,common_voice_en_41577054.mp3,0.75,,,PASSED
24,common_voice_en_41577054.mp3,1.0,,,PASSED
25,common_voice_en_41583225.mp3,0.0,,,PASSED
25,common_voice_en_41583225.mp3,0.25,,,PASSED
25,common_voice_en_41583225.mp3,0.4,,,PASSED
25,common_voice_en_41583225.mp3,0.5,,,PASSED
25,common_voice_en_41583225.mp3,0.6,,,PASSED
25,common_voice_en_41583225.mp3,0.75,,,PASSED
25,common_voice_en_41583225.mp3,1.0,It has also been proposed as a possible explanation for claims associated with stigmata.,It has also been proposed as a possible explanation for claims associated with stigma arte,FAILED
26,common_voice_en_41662681.mp3,0.0,,,PASSED
26,common_voice_en_41662681.mp3,0.25,,,PASSED
26,common_voice_en_41662681.mp3,0.4,,,PASSED
26,common_voice_en_41662681.mp3,0.5,,,PASSED
26,common_voice_en_41662681.mp3,0.6,,,PASSED
26,common_voice_en_41662681.mp3,0.75,,,PASSED
26,common_voice_en_41662681.mp3,1.0,,,PASSED
27,common_voice_en_41486401.mp3,0.0,,,PASSED
27,common_voice_en_41486401.mp3,0.25,,,PASSED
27,common_voice_en_41486401.mp3,0.4,,,PASSED
27,common_voice_en_41486401.mp3,0.5,,,PASSED
27,common_voice_en_41486401.mp3,0.6,,,PASSED
27,common_voice_en_41486401.mp3,0.75,,,PASSED
27,common_voice_en_41486401.mp3,1.0,Cuttings are slow to strike roots.,Cuttings are slow-to-strike roots.,FAILED
28,common_voice_en_41503529.mp3,0.0,,,PASSED
28,common_voice_en_41503529.mp3,0.25,,,PASSED
28,common_voice_en_41503529.mp3,0.4,,,PASSED
28,common_voice_en_41503529.mp3,0.5,,,PASSED
28,common_voice_en_41503529.mp3,0.6,,,PASSED
28,common_voice_en_41503529.mp3,0.75,,,PASSED
28,common_voice_en_41503529.mp3,1.0,,,PASSED
29,common_voice_en_41678018.mp3,0.0,,,PASSED
29,common_voice_en_41678018.mp3,0.25,,,PASSED
29,common_voice_en_41678018.mp3,0.4,Balangiga can be reached through public utility vans and buses from Tacloban City.,Balanjiga can be reached through public utility vans and buses from Tacloban City.,FAILED
29,common_voice_en_41678018.mp3,0.5,,,PASSED
29,common_voice_en_41678018.mp3,0.6,Balangiga can be reached through public utility vans and buses from Tacloban City.,Belongiga can be reached through public utility vans and buses from Tacloban City.,FAILED
29,common_voice_en_41678018.mp3,0.75,Balangiga can be reached through public utility vans and buses from Tacloban City.,Balanjiga can be reached through public utility vans and buses from Tacloban City.,FAILED
29,common_voice_en_41678018.mp3,1.0,,,PASSED
30,common_voice_en_41548292.mp3,0.0,,,PASSED
30,common_voice_en_41548292.mp3,0.25,,,PASSED
30,common_voice_en_41548292.mp3,0.4,,,PASSED
30,common_voice_en_41548292.mp3,0.5,,,PASSED
30,common_voice_en_41548292.mp3,0.6,,,PASSED
30,common_voice_en_41548292.mp3,0.75,,,PASSED
30,common_voice_en_41548292.mp3,1.0,,,PASSED
31,common_voice_en_41680077.mp3,0.0,"Considered a ""Shining Star"" of the Core Worlds.",Considered a shining star of the core worlds,FAILED
31,common_voice_en_41680077.mp3,0.25,"Considered a ""Shining Star"" of the Core Worlds.",Considered a shining star of the core worlds,FAILED
31,common_voice_en_41680077.mp3,0.4,"Considered a ""Shining Star"" of the Core Worlds.",Considered a shining star of the core worlds,FAILED
31,common_voice_en_41680077.mp3,0.5,"Considered a ""Shining Star"" of the Core Worlds.",considered a shining star of the core worlds,FAILED
31,common_voice_en_41680077.mp3,0.6,"Considered a ""Shining Star"" of the Core Worlds.",considered a shining star of the core worlds,FAILED
31,common_voice_en_41680077.mp3,0.75,"Considered a ""Shining Star"" of the Core Worlds.",CONSIDERED A SHINING STAR OF THE CORE WORLDS,FAILED
31,common_voice_en_41680077.mp3,1.0,"Considered a ""Shining Star"" of the Core Worlds.",considered a shining star of the core worlds,FAILED
32,common_voice_en_41798570.mp3,0.0,,,PASSED
32,common_voice_en_41798570.mp3,0.25,,,PASSED
32,common_voice_en_41798570.mp3,0.4,,,PASSED
32,common_voice_en_41798570.mp3,0.5,,,PASSED
32,common_voice_en_41798570.mp3,0.6,,,PASSED
32,common_voice_en_41798570.mp3,0.75,,,PASSED
32,common_voice_en_41798570.mp3,1.0,,,PASSED
33,common_voice_en_41295264.mp3,0.0,,,PASSED
33,common_voice_en_41295264.mp3,0.25,,,PASSED
33,common_voice_en_41295264.mp3,0.4,,,PASSED
33,common_voice_en_41295264.mp3,0.5,,,PASSED
33,common_voice_en_41295264.mp3,0.6,,,PASSED
33,common_voice_en_41295264.mp3,0.75,,,PASSED
33,common_voice_en_41295264.mp3,1.0,These may also be forgeries to conceal identities.,These may also be forgeries to conceal identities,FAILED
34,common_voice_en_41645566.mp3,0.0,,,PASSED
34,common_voice_en_41645566.mp3,0.25,,,PASSED
34,common_voice_en_41645566.mp3,0.4,,,PASSED
34,common_voice_en_41645566.mp3,0.5,,,PASSED
34,common_voice_en_41645566.mp3,0.6,,,PASSED
34,common_voice_en_41645566.mp3,0.75,Moore lives in Toronto.,More lives in Toronto.,FAILED
34,common_voice_en_41645566.mp3,1.0,,,PASSED
35,common_voice_en_41284140.mp3,0.0,"In Lao, represents a doubled word.",In Lao represents a doubled word.,FAILED
35,common_voice_en_41284140.mp3,0.25,"In Lao, represents a doubled word.",In Lao represents a doubled word.,FAILED
35,common_voice_en_41284140.mp3,0.4,"In Lao, represents a doubled word.",In Lao represents a doubled word.,FAILED
35,common_voice_en_41284140.mp3,0.5,"In Lao, represents a doubled word.",In Lao represents a double verb.,FAILED
35,common_voice_en_41284140.mp3,0.6,"In Lao, represents a doubled word.",In Lao represents a double word.,FAILED
35,common_voice_en_41284140.mp3,0.75,"In Lao, represents a doubled word.",In Lau represents a doubled word.,FAILED
35,common_voice_en_41284140.mp3,1.0,"In Lao, represents a doubled word.",In Lau represents a doubled word.,FAILED
36,common_voice_en_41550758.mp3,0.0,Many of the illustrations he created for the magazine depict characters seen the film.,Many of the illustrations he created for the magazine depict the characters in the film.,FAILED
36,common_voice_en_41550758.mp3,0.25,Many of the illustrations he created for the magazine depict characters seen the film.,Many of the illustrations he created for the magazine depict the characters in the film.,FAILED
36,common_voice_en_41550758.mp3,0.4,Many of the illustrations he created for the magazine depict characters seen the film.,Many of the illustrations he created for the magazine depict the characters in the film.,FAILED
36,common_voice_en_41550758.mp3,0.5,Many of the illustrations he created for the magazine depict characters seen the film.,Many of the illustrations he created for the magazine depict the characters in the film.,FAILED
36,common_voice_en_41550758.mp3,0.6,Many of the illustrations he created for the magazine depict characters seen the film.,Many of the illustrations he created for the magazine depict the characters in the film.,FAILED
36,common_voice_en_41550758.mp3,0.75,Many of the illustrations he created for the magazine depict characters seen the film.,Many of the illustrations he created for the magazine depict the characters in the film.,FAILED
36,common_voice_en_41550758.mp3,1.0,Many of the illustrations he created for the magazine depict characters seen the film.,Many of the illustrations he created for the magazine depict the characters in the film.,FAILED
37,common_voice_en_41543184.mp3,0.0,You just didn't bother saying 'this sucks' anymore.,"Sinä en kuitenkaan tarvitse sanoa, että tämä pahtaa enää.",FAILED
37,common_voice_en_41543184.mp3,0.25,You just didn't bother saying 'this sucks' anymore.,"Sinä ei vain tarvitse sanoa, että tämä pahtaa enää.",FAILED
37,common_voice_en_41543184.mp3,0.4,You just didn't bother saying 'this sucks' anymore.,"Sinä ei vain vaikuttaa sanomaan, että tämä hankkii vielä enemmän.",FAILED
37,common_voice_en_41543184.mp3,0.5,You just didn't bother saying 'this sucks' anymore.,"Sinä ei vain vaikeutunut sanoa, että tämä hankkii enää.",FAILED
37,common_voice_en_41543184.mp3,0.6,You just didn't bother saying 'this sucks' anymore.,"Sinä en aina halunnut sanoa, että tämä syksyä.",FAILED
37,common_voice_en_41543184.mp3,0.75,You just didn't bother saying 'this sucks' anymore.,"Sinä ei enää haittaa sanoa, että tämä on herkkyä.",FAILED
37,common_voice_en_41543184.mp3,1.0,You just didn't bother saying 'this sucks' anymore.,"teistä ei vaaheessan yleensä mahdu sanoa, että tämä on vittu.",FAILED
38,common_voice_en_41693119.mp3,0.0,"Its headquarters are in the town of Damaturu, the State capital.","Its headquarters are in the town of Demetru, the state capital.",FAILED
38,common_voice_en_41693119.mp3,0.25,"Its headquarters are in the town of Damaturu, the State capital.","Its headquarters are in the town of Demetru, the state capital.",FAILED
38,common_voice_en_41693119.mp3,0.4,"Its headquarters are in the town of Damaturu, the State capital.","Its headquarters are in the town of Demetru, the state capital.",FAILED
38,common_voice_en_41693119.mp3,0.5,"Its headquarters are in the town of Damaturu, the State capital.","It's headquarters are in the town of Dematru, the state capital.",FAILED
38,common_voice_en_41693119.mp3,0.6,"Its headquarters are in the town of Damaturu, the State capital.","Its headquarters are in the town of DeMattreux, the state capital.",FAILED
38,common_voice_en_41693119.mp3,0.75,"Its headquarters are in the town of Damaturu, the State capital.",It's headquarters are in the town of Demetru the State Capital.,FAILED
38,common_voice_en_41693119.mp3,1.0,"Its headquarters are in the town of Damaturu, the State capital.","Its headquarters are in the town of Demetru, the state capital.",FAILED
39,common_voice_en_41796793.mp3,0.0,This is a hard one because I don't really believe in god,これは難しいです。神に信じていないからです。,FAILED
39,common_voice_en_41796793.mp3,0.25,This is a hard one because I don't really believe in god,これは難しいです。本当に神に信じていないからです。,FAILED
39,common_voice_en_41796793.mp3,0.4,This is a hard one because I don't really believe in god,これは難しいです。神に信じられないからです。,FAILED
39,common_voice_en_41796793.mp3,0.5,This is a hard one because I don't really believe in god,これは難しいです。神に信じていないからです。,FAILED
39,common_voice_en_41796793.mp3,0.6,This is a hard one because I don't really believe in god,これは難しいです。神に信じていないからです。,FAILED
39,common_voice_en_41796793.mp3,0.75,This is a hard one because I don't really believe in god,これは難しいです。神に信じられないからです。,FAILED
39,common_voice_en_41796793.mp3,1.0,This is a hard one because I don't really believe in god,これは難しいから、本当に神を信じていないからだ。,FAILED
40,common_voice_en_41798305.mp3,0.0,The rank has a rather confusing history.,ランクの歴史はかなり混乱しています。,FAILED
40,common_voice_en_41798305.mp3,0.25,The rank has a rather confusing history.,ランクは結構混乱した歴史がある。,FAILED
40,common_voice_en_41798305.mp3,0.4,The rank has a rather confusing history.,ランクは結構混雑な歴史があります。,FAILED
40,common_voice_en_41798305.mp3,0.5,The rank has a rather confusing history.,ランクは結構混乱する歴史がある。,FAILED
40,common_voice_en_41798305.mp3,0.6,The rank has a rather confusing history.,ランクは結構混乱的な歴史を持っています。,FAILED
40,common_voice_en_41798305.mp3,0.75,The rank has a rather confusing history.,ランクは結構混乱してる,FAILED
40,common_voice_en_41798305.mp3,1.0,The rank has a rather confusing history.,RUNはかなり迷った歴史だったね,FAILED
41,common_voice_en_41731588.mp3,0.0,,,PASSED
41,common_voice_en_41731588.mp3,0.25,,,PASSED
41,common_voice_en_41731588.mp3,0.4,,,PASSED
41,common_voice_en_41731588.mp3,0.5,,,PASSED
41,common_voice_en_41731588.mp3,0.6,,,PASSED
41,common_voice_en_41731588.mp3,0.75,,,PASSED
41,common_voice_en_41731588.mp3,1.0,,,PASSED
42,common_voice_en_41735538.mp3,0.0,Holmes versus Cooney was refereed by Mills Lane.,Holmes vs. Cooney was refereed by Mills Lane.,FAILED
42,common_voice_en_41735538.mp3,0.25,Holmes versus Cooney was refereed by Mills Lane.,Holmes vs. Cooney was refereed by Mills Lane.,FAILED
42,common_voice_en_41735538.mp3,0.4,Holmes versus Cooney was refereed by Mills Lane.,Holmes vs. Cooney was refereed by Mills Lane.,FAILED
42,common_voice_en_41735538.mp3,0.5,Holmes versus Cooney was refereed by Mills Lane.,Holmes vs. Cooney was refereed by Mills Lane.,FAILED
42,common_voice_en_41735538.mp3,0.6,Holmes versus Cooney was refereed by Mills Lane.,Holmes vs Cooney was refereed by Mills Lane.,FAILED
42,common_voice_en_41735538.mp3,0.75,Holmes versus Cooney was refereed by Mills Lane.,Holmes vs. Cooney was refereed by Mills Lane.,FAILED
42,common_voice_en_41735538.mp3,1.0,Holmes versus Cooney was refereed by Mills Lane.,Holmes vs Cooney was refereed by Mills Lane.,FAILED
43,common_voice_en_41307772.mp3,0.0,,,PASSED
43,common_voice_en_41307772.mp3,0.25,,,PASSED
43,common_voice_en_41307772.mp3,0.4,,,PASSED
43,common_voice_en_41307772.mp3,0.5,,,PASSED
43,common_voice_en_41307772.mp3,0.6,,,PASSED
43,common_voice_en_41307772.mp3,0.75,,,PASSED
43,common_voice_en_41307772.mp3,1.0,,,PASSED
44,common_voice_en_41307806.mp3,0.0,,,PASSED
44,common_voice_en_41307806.mp3,0.25,,,PASSED
44,common_voice_en_41307806.mp3,0.4,,,PASSED
44,common_voice_en_41307806.mp3,0.5,,,PASSED
44,common_voice_en_41307806.mp3,0.6,,,PASSED
44,common_voice_en_41307806.mp3,0.75,,,PASSED
44,common_voice_en_41307806.mp3,1.0,,,PASSED
45,common_voice_en_41547685.mp3,0.0,,,PASSED
45,common_voice_en_41547685.mp3,0.25,,,PASSED
45,common_voice_en_41547685.mp3,0.4,,,PASSED
45,common_voice_en_41547685.mp3,0.5,,,PASSED
45,common_voice_en_41547685.mp3,0.6,,,PASSED
45,common_voice_en_41547685.mp3,0.75,,,PASSED
45,common_voice_en_41547685.mp3,1.0,,,PASSED
46,common_voice_en_41547689.mp3,0.0,,,PASSED
46,common_voice_en_41547689.mp3,0.25,,,PASSED
46,common_voice_en_41547689.mp3,0.4,,,PASSED
46,common_voice_en_41547689.mp3,0.5,,,PASSED
46,common_voice_en_41547689.mp3,0.6,,,PASSED
46,common_voice_en_41547689.mp3,0.75,,,PASSED
46,common_voice_en_41547689.mp3,1.0,,,PASSED
47,common_voice_en_41587501.mp3,0.0,A mosque is situated inside Sitio Bolangan on the outskirts of the city.,A mosque is situated inside Sitio Polongan on the outskirts of the city.,FAILED
47,common_voice_en_41587501.mp3,0.25,A mosque is situated inside Sitio Bolangan on the outskirts of the city.,A mosque is situated inside Sitio Polongan on the outskirts of the city.,FAILED
47,common_voice_en_41587501.mp3,0.4,A mosque is situated inside Sitio Bolangan on the outskirts of the city.,A mosque is situated inside Sitio Bolongan on the outskirts of the city.,FAILED
47,common_voice_en_41587501.mp3,0.5,A mosque is situated inside Sitio Bolangan on the outskirts of the city.,"A mosque is situated inside Sitio Pulongan, on the outskirts of the city.",FAILED
47,common_voice_en_41587501.mp3,0.6,A mosque is situated inside Sitio Bolangan on the outskirts of the city.,A mosque is situated inside Sitio Bolongan on the outskirts of the city.,FAILED
47,common_voice_en_41587501.mp3,0.75,A mosque is situated inside Sitio Bolangan on the outskirts of the city.,A mosque is situated inside Sitio Polongan on the outskirts of the city.,FAILED
47,common_voice_en_41587501.mp3,1.0,A mosque is situated inside Sitio Bolangan on the outskirts of the city.,A mosque is situated inside Sitio Bolongan on the outskirts of the city.,FAILED
48,common_voice_en_41654965.mp3,0.0,,,PASSED
48,common_voice_en_41654965.mp3,0.25,,,PASSED
48,common_voice_en_41654965.mp3,0.4,,,PASSED
48,common_voice_en_41654965.mp3,0.5,,,PASSED
48,common_voice_en_41654965.mp3,0.6,,,PASSED
48,common_voice_en_41654965.mp3,0.75,,,PASSED
48,common_voice_en_41654965.mp3,1.0,,,PASSED
49,common_voice_en_41684833.mp3,0.0,"A similar example is Charlotte Perkins Gilman's story ""The Yellow Wallpaper"".","A similar example is Charlotte Perkins Gilman's story, The Yellow Wallpaper.",FAILED
49,common_voice_en_41684833.mp3,0.25,"A similar example is Charlotte Perkins Gilman's story ""The Yellow Wallpaper"".","A similar example is Charlotte Perkins Gilman's story, The Yellow Wallpaper.",FAILED
49,common_voice_en_41684833.mp3,0.4,"A similar example is Charlotte Perkins Gilman's story ""The Yellow Wallpaper"".","A similar example is Charlotte Perkins Gilman's story, The Yellow Wallpaper.",FAILED
49,common_voice_en_41684833.mp3,0.5,"A similar example is Charlotte Perkins Gilman's story ""The Yellow Wallpaper"".",A similar example is Charlotte Perkins Gilman's story The Yellow Wallpaper.,FAILED
49,common_voice_en_41684833.mp3,0.6,"A similar example is Charlotte Perkins Gilman's story ""The Yellow Wallpaper"".","A similar example is Charlotte Perkins Gilman's story, The Yellow Wallpaper.",FAILED
49,common_voice_en_41684833.mp3,0.75,"A similar example is Charlotte Perkins Gilman's story ""The Yellow Wallpaper"".",A similar example is Charlotte Perkins Gilman story The Yellow Wallpaper.,FAILED
49,common_voice_en_41684833.mp3,1.0,"A similar example is Charlotte Perkins Gilman's story ""The Yellow Wallpaper"".",A similar example is Charlotte Perkins Gilman Story The Yellow Wallpaper.,FAILED
50,common_voice_en_41685590.mp3,0.0,The establishment was commanded by an officer of the rank of Lieutenant Commander.,The establishment was commanded by an officer of the rank of a lieutenant commander.,FAILED
50,common_voice_en_41685590.mp3,0.25,The establishment was commanded by an officer of the rank of Lieutenant Commander.,The establishment was commanded by an officer of the rank of a lieutenant commander.,FAILED
50,common_voice_en_41685590.mp3,0.4,The establishment was commanded by an officer of the rank of Lieutenant Commander.,The establishment was commanded by an officer of the rank of a lieutenant commander.,FAILED
50,common_voice_en_41685590.mp3,0.5,The establishment was commanded by an officer of the rank of Lieutenant Commander.,The establishment was commanded by an officer of the rank of a lieutenant commander.,FAILED
50,common_voice_en_41685590.mp3,0.6,,,PASSED
50,common_voice_en_41685590.mp3,0.75,The establishment was commanded by an officer of the rank of Lieutenant Commander.,The establishment was commanded by an officer of the rank of a lieutenant commander.,FAILED
50,common_voice_en_41685590.mp3,1.0,The establishment was commanded by an officer of the rank of Lieutenant Commander.,The establishment was commanded by an officer of the rank of a lieutenant commander.,FAILED
